SHOW DATABASES;
USE 36_assign2db;
SELECT * FROM bus;
LOAD DATA LOCAL INFILE '~/yni58/assignment2/busData.txt' INTO TABLE bus FIELDS TERMINATED BY ','(plateNum,capacity);
SELECT * FROM bus;
SELECT * FROM busTrip;
INSERT INTO busTrip (tripID,tripName,start,end,county,plateNum) VALUES (1, "Castles of Germany","2022-01-01", "2022-01-17", "Germany", "VAN1111");
INSERT INTO busTrip (tripID,tripName,start,end,county,plateNum) VALUES (2, "Tuscany Sunsets", '2022-03-03', '2022-03-14', 'Italy', 'TAXI222');
INSERT INTO busTrip (tripID,tripName,start,end,county,plateNum) VALUES (3, "California Wines", '2022-05-05','2022-05-10', 'USA', 'VAN2222');
INSERT INTO busTrip (tripID,tripName,start,end,county,plateNum) VALUES (4, "Beaches Galore", '2022-04-04','2022-04-14', 'Bermuda', 'TAXI222');
INSERT INTO busTrip (tripID,tripName,start,end,county,plateNum) VALUES (5, "Cottage Country", '2022-06-01','2022-06-22', 'Canada', 'CAND123');
INSERT INTO busTrip (tripID,tripName,start,end,county,plateNum) VALUES (6, "Arrivaderci Roma", '2022-07-05','2022-07-15', 'Italy', 'TAXI111');
INSERT INTO busTrip (tripID,tripName,start,end,county,plateNum) VALUES (7, "Shetland and Orkney", '2022-09-09','2022-09-29', 'UK', 'TAXI111');
INSERT INTO busTrip (tripID,tripName,start,end,county,plateNum) VALUES (8, "Disney World and Sea World", '2022-06-10','2022-06-20', 'USA', 'VAN2222');
INSERT INTO busTrip (tripID,tripName,start,end,county,plateNum) VALUES (9, "Kingston Jamaica", '2022-02-05','2022-02-10', 'USA', 'VAN2222');
INSERT INTO busTrip (tripID,tripName,start,end,county,plateNum) VALUES (10, "Maputo", '2022-09-05','2022-09-15', 'Mozambique', 'CAND123');
SELECT * FROM busTrip;
SELECT * FROM passport;
ALTER TABLE passport MODIFY pID INT;
INSERT INTO passport (passportNum,citizenship,expiry,birth) VALUES ('US10','USA','2025-01-01','1970-02-19');
INSERT INTO passport (passportNum,citizenship,expiry,birth) VALUES ('US12','USA','2025-01-01','1972-08-12');
INSERT INTO passport (passportNum,citizenship,expiry,birth) VALUES ('US13','USA','2025-01-01','2001-05-12');
INSERT INTO passport (passportNum,citizenship,expiry,birth) VALUES ('US14','USA','2025-01-01','2004-03-19');
INSERT INTO passport (passportNum,citizenship,expiry,birth) VALUES ('US15','USA','2025-01-01','2012-09-17');
INSERT INTO passport (passportNum,citizenship,expiry,birth) VALUES ('US22','USA','2030-04-04','1950-06-11');
INSERT INTO passport (passportNum,citizenship,expiry,birth) VALUES ('US23','USA','2018-03-03','1940-06-24');
INSERT INTO passport (passportNum,citizenship,expiry,birth) VALUES ('GE11','Germany','2027-01-01','1970-07-12');
INSERT INTO passport (passportNum,citizenship,expiry,birth) VALUES ('US88','Canada','2030-02-13','1979-04-25');
INSERT INTO passport (passportNum,citizenship,expiry,birth) VALUES ('US89','Canada','2022-02-02','1976-04-08');
INSERT INTO passport (passportNum,citizenship,expiry,birth) VALUES ('US90','Italy','2020-02-28','1980-04-04');
INSERT INTO passport (passportNum,citizenship,expiry,birth) VALUES ('US91','Germany','2030-01-01','1959-02-02');
INSERT INTO passport (passportNum,citizenship,expiry,birth) VALUES ('US56','USA','2025-01-01','1979-02-19');
SELECT * FROM passport;
SELECT * FROM passenger;
INSERT INTO passenger (pID,firstName,lastName,passportNum) VALUES (11, "Homer", "Simpson", "US10");
INSERT INTO passenger (pID,firstName,lastName,passportNum) VALUES (22, "Marge", "Simpson", "US12");
INSERT INTO passenger (pID,firstName,lastName,passportNum) VALUES (33, "Bart", "Simpson", "US13");
INSERT INTO passenger (pID,firstName,lastName,passportNum) VALUES (34, "Lisa", "Simpson", "US14");
INSERT INTO passenger (pID,firstName,lastName,passportNum) VALUES (35, "Maggie", "Simpson", "US15");
INSERT INTO passenger (pID,firstName,lastName,passportNum) VALUES (44, "Ned", "Flanders", "US22");
INSERT INTO passenger (pID,firstName,lastName,passportNum) VALUES (45, "Todd", "Flanders", "US23");
INSERT INTO passenger (pID,firstName,lastName,passportNum) VALUES (66, "Heidi", "Klum", "GE11");
INSERT INTO passenger (pID,firstName,lastName,passportNum) VALUES (77, "Michael", "Scott", "US88");
INSERT INTO passenger (pID,firstName,lastName,passportNum) VALUES (78, "Dwight", "Schrute", "US89");
INSERT INTO passenger (pID,firstName,lastName,passportNum) VALUES (79, "Pam", "Beesly", "US90");
INSERT INTO passenger (pID,firstName,lastName,passportNum) VALUES (80, "Creed", "Bratton", "US91");
INSERT INTO passenger (pID,firstName,lastName,passportNum) VALUES (90, "Shawn", "Kim", "US91");
SELECT * FROM passenger;
SELECT * FROM booking;
INSERT INTO booking(pID,tripID,price)VALUES(11,1,500);
INSERT INTO booking(pID,tripID,price)VALUES(22,1,500);
INSERT INTO booking(pID,tripID,price)VALUES(33,1,200);
INSERT INTO booking(pID,tripID,price)VALUES(34,1,200);
INSERT INTO booking(pID,tripID,price)VALUES(35,1,200);
INSERT INTO booking(pID,tripID,price)VALUES(66,1,600.99);
INSERT INTO booking(pID,tripID,price)VALUES(44,8,400);
INSERT INTO booking(pID,tripID,price)VALUES(45,8,200);
INSERT INTO booking(pID,tripID,price)VALUES(78,4,600);
INSERT INTO booking(pID,tripID,price)VALUES(80,4,600);
INSERT INTO booking(pID,tripID,price)VALUES(78,1,550);
INSERT INTO booking(pID,tripID,price)VALUES(33,8,300);
INSERT INTO booking(pID,tripID,price)VALUES(34,8,300);
INSERT INTO booking(pID,tripID,price)VALUES(11,6,600);
INSERT INTO booking(pID,tripID,price)VALUES(22,6,600);
INSERT INTO booking(pID,tripID,price)VALUES(33,6,100);
INSERT INTO booking(pID,tripID,price)VALUES(34,6,100);
INSERT INTO booking(pID,tripID,price)VALUES(35,6,100);
INSERT INTO booking(pID,tripID,price)VALUES(11,7,300);
INSERT INTO booking(pID,tripID,price)VALUES(44,7,400);
INSERT INTO booking(pID,tripID,price)VALUES(77,7,500);
INSERT INTO booking(pID,tripID,price)VALUES(90,10,400);
SELECT * FROM booking;
SELECT * FROM passport;
UPDATE passport SET citizenship='Germany' WHERE passportNum in(SELECT passportNum FROM passenger WHERE firstName ='Dwight' AND lastName ='Schrute');
SELECT * from passport;
SELECT * FROM busTrip;
UPDATE busTrip SET plateNum='VAN1111' WHERE county ='USA';
SELECT * FROM busTrip;

